{
  "version": 1,
  "author": "Anonymous maker",
  "editor": "wokwi",
  "parts": [
    {
      "type": "wokwi-esp32-devkit-v1",
      "id": "esp",
      "top": -120.59,
      "left": -117.34,
      "attrs": { "env": "micropython-20220618-v1.19.1" }
    },
    { "type": "wokwi-dht22", "id": "dht1", "top": -266.09, "left": 107.65, "attrs": {} },
    {
      "type": "wokwi-photoresistor-sensor",
      "id": "ldr1",
      "top": -205.08,
      "left": -414.17,
      "attrs": {}
    },
    {
      "type": "wokwi-led",
      "id": "led1",
      "top": -132.39,
      "left": 41.73,
      "attrs": { "color": "white", "flip": "" }
    },
    {
      "type": "wokwi-servo",
      "id": "servo1",
      "top": -128.48,
      "left": -429.46,
      "rotate": 180,
      "attrs": {}
    },
    {
      "type": "wokwi-led",
      "id": "led2",
      "top": -267.38,
      "left": -8.89,
      "attrs": { "color": "red" }
    },
    { "type": "wokwi-potentiometer", "id": "pot1", "top": -353.05, "left": -376.24, "attrs": {} },
    {
      "type": "wokwi-potentiometer",
      "id": "pot2",
      "top": 46.75,
      "left": -371.05,
      "rotate": 180,
      "attrs": {}
    }
  ],
  "connections": [
    [ "esp:TX0", "$serialMonitor:RX", "", [] ],
    [ "esp:RX0", "$serialMonitor:TX", "", [] ],
    [ "dht1:VCC", "esp:3V3", "red", [ "v0" ] ],
    [ "dht1:GND", "esp:GND.1", "black", [ "v179.64", "h-147.57", "v-0.04" ] ],
    [ "dht1:SDA", "esp:D4", "green", [ "v152.38", "h-146.09" ] ],
    [ "ldr1:GND", "esp:GND.2", "black", [ "h98.38", "v206.23" ] ],
    [ "ldr1:VCC", "esp:VIN", "red", [ "h107.47", "v230.51" ] ],
    [ "ldr1:DO", "esp:VP", "green", [ "h116.55", "v84.8" ] ],
    [ "ldr1:AO", "esp:VP", "green", [ "h124.34", "v68.61", "h-2.6" ] ],
    [ "servo1:PWM", "esp:D12", "green", [ "h73.12", "v78.86" ] ],
    [ "servo1:V+", "esp:VIN", "green", [ "h65.33", "v16.14" ] ],
    [ "servo1:GND", "esp:GND.2", "black", [ "h54.95", "v72.84" ] ],
    [ "led1:C", "esp:GND.1", "gold", [ "v70.81", "h-53.26", "v46.73" ] ],
    [ "led1:A", "esp:D5", "green", [ "v0" ] ],
    [ "led2:C", "esp:GND.1", "gold", [ "v170.75", "h-10.43", "v76.58" ] ],
    [ "pot1:VCC", "esp:VIN", "red", [ "v65.07", "h164.62", "v266.1" ] ],
    [ "pot1:GND", "esp:GND.2", "black", [ "v52.09", "h193.35", "v255.71" ] ],
    [ "pot1:SIG", "esp:VN", "green", [ "v72.86", "h212.61", "v135" ] ],
    [ "pot2:VCC", "esp:VIN", "red", [ "v-21.71", "h146.97" ] ],
    [ "pot2:SIG", "esp:D34", "green", [ "v-38.59", "h104.17", "v-107.74" ] ],
    [ "pot2:GND", "esp:GND.2", "black", [ "v0" ] ],
    [ "esp:D19", "led2:A", "green", [ "h32.19", "v-4.94" ] ]
  ]
}